Species,InitialCondition,Units,Comment
AB42_BrainISF,0,,
AB42_CSF,0,,
AB42_Oligomer_BrainISF,0,,
AB42_Oligomer_CSF,0,,
AB42_Oligomer_Plasma,0,,
AB42_Oligomer__Antibody_BrainISF,0,,
AB42_Oligomer__Antibody_CSF,0,,
AB42_Oligomer__Antibody_Plasma,0,,
AB42_Oligomer__Antibody__FcR_BrainISF,0,,
AB42_Plaque_BrainISF,0,,
AB42_Plaque__Antibody_BrainISF,0,,
AB42_Plaque__Antibody__FcR_BrainISF,0,,
AB42_Plasma,0,,
AB42__Antibody_BrainISF,0,,
AB42__Antibody_CSF,0,,
AB42__Antibody_Plasma,0,,
APP_BrainISF,0,,
APP_Plasma,0,,
APP__BACE_BrainISF,0,,
APP__BACE_Plasma,0,,
Antibody_BrainISF,0,,
Antibody_CSF,0,,
Antibody_IV,0,,
Antibody_Peripheral,0,,
Antibody_Plasma,0,,
BACE_BrainISF,0,,
BACE_Plasma,0,,
CTFbeta_BrainISF,0,,
CTFbeta_Plasma,0,,
CTFbeta__GammaSecretase_BrainISF,0,,
CTFbeta__GammaSecretase_Plasma,0,,
FcR_BrainISF,0,,
GammaSecretase_BrainISF,0,,
GammaSecretase_Plasma,0,,
SolubleBACE_BrainISF,0,,
SolubleBACE_CSF,0,,
SolubleBACE_Plasma,0,,
